id	rate
1001	-41.5
1003	-48.1
1005	7.7
1007	-22.5
1009	-43.3
1011	39.5
1013	-7.2
1015	-17.2
1017	-4
1019	-8.9
1021	-35.4
1023	1
1025	-12.7
1027	-28.9
1029	-33.3
1031	-31.1
1033	-0.3
1035	1
1037	-6.6
1039	-33.7
1041	-18.4
1043	-32.4
1045	-36.5
1047	19
1049	-28.9
1051	-43.1
1053	-21.5
1055	-9.8
1057	-20
1059	-12.4
1061	-40.4
1063	59.9
1065	21.1
1067	-18.9
1069	-40.2
1071	2.8
1073	-3.7
1075	-25.6
1077	-11.7
1079	4.7
1081	-21
1083	-22.6
1085	46.3
1087	73.9
1089	-12.8
1091	1.1
1093	-20.2
1095	-24.4
1097	-14.4
1099	-16.3
1101	1.5
1103	-23.3
1105	39.1
1107	-2.4
1109	-16.7
1111	-20.3
1113	14.4
1115	-44.7
1117	-56
1119	45.2
1121	-10.4
1123	-22.8
1125	-16.2
1127	-7.8
1129	-10.1
1131	34.3
1133	-40.4
2013	-0.5
2016	-0.5
2020	-0.5
2050	-0.5
2060	-0.5
2068	-0.5
2070	-0.5
2090	-0.5
2100	-0.5
2105	-0.5
2110	-0.5
2122	-0.5
2130	-0.5
2150	-0.5
2164	-0.5
2170	-0.5
2180	-0.5
2185	-0.5
2188	-0.5
2195	-0.5
2198	-0.5
2220	-0.5
2230	-0.5
2240	-0.5
2261	-0.5
2270	-0.5
2275	-0.5
2282	-0.5
2290	-0.5
4001	35.9
4003	-15.1
4005	6.1
4007	-8.7
4009	-28
4011	-14.1
4012	-17.7
4013	-10.8
4015	-16.1
4017	-2.9
4019	7.5
4021	-1.6
4023	20.7
4025	-24.2
4027	-13.2
5001	-7.9
5003	4
5005	-18.6
5007	-33.2
5009	-30.3
5011	7.7
5013	-5.6
5015	-20.9
5017	27.7
5019	9.7
5021	21.1
5023	-16.2
5025	-8.8
5027	-11.4
5029	-1.2
5031	0.4
5033	-26.1
5035	9.8
5037	0.5
5039	3.7
5041	25.6
5043	4.7
5045	-14.6
5047	-10.3
5049	-2
5051	-9.5
5053	-12.9
5055	3.4
5057	8.8
5059	3.9
5061	-6.4
5063	-9.1
5065	5.2
5067	22.1
5069	32.4
5071	-5.9
5073	7.4
5075	9.9
5077	32.9
5079	11.7
5081	10.9
5083	-15.3
5085	-21.4
5087	-24.2
5089	-20
5091	-7.7
5093	14.7
5095	17.1
5097	-18.9
5099	1.4
5101	-34.2
5103	6.5
5105	-12.2
5107	30.2
5109	-17.4
5111	14.9
5113	-32.3
5115	-25.3
5117	-9
5119	9.3
5121	5.4
5123	18
5125	-18.8
5127	-24.5
5129	-34.5
5131	-20.3
5133	-0.9
5135	-7
5137	-12.5
5139	-15.8
5141	-4.6
5143	-13.8
5145	-22.3
5147	29.7
5149	-2.9
6001	44.8
6003	-3.3
6005	-19
6007	-17.5
6009	-19.1
6011	-34.2
6013	21.2
6015	-17.5
6017	-22.5
6019	-10.6
6021	-38.3
6023	2.4
6025	9.7
6027	-26.9
6029	-25
6031	-19.3
6033	9.1
6035	-39.2
6037	30.6
6039	-26.3
6041	35.5
6043	-24.1
6045	12.1
6047	-7.2
6049	-49.8
6051	-12.1
6053	19.8
6055	13.9
6057	-18.1
6059	-15.9
6061	-23.8
6063	-28.3
6065	-7
6067	3.5
6069	12.1
6071	-2
6073	-4.4
6075	58.9
6077	-1.7
6079	-11.8
6081	32.8
6083	0.8
6085	25.8
6087	33.7
6089	-35.3
6091	-34.8
6093	-30.1
6095	17.3
6097	26.8
6099	-8.9
6101	-34.1
6103	-32.9
6105	-24.8
6107	-24
6109	-16.6
6111	-1.6
6113	16.9
6115	-27.1
8001	5.6
8003	-7.6
8005	-8.5
8007	-33.2
8009	-50.2
8011	-16.4
8013	13.2
8014	-0.5
8015	-20.6
8017	-62.3
8019	-1.7
8021	-1.2
8023	32.9
8025	-24.3
8027	-45.2
8029	-40.8
8031	30.5
8033	-40
8035	-34.1
8037	-3.1
8039	-43.2
8041	-33.6
8043	-29.2
8045	-18.1
8047	3.3
8049	-20.4
8051	-1.4
8053	-23.1
8055	0.4
8057	-55.5
8059	-8.6
8061	-53.9
8063	-50.6
8065	8.6
8067	-10.9
8069	-14.3
8071	10.5
8073	-51.4
8075	-40.4
8077	-33.7
8079	-26.4
8081	-49.6
8083	-38.9
8085	-37.3
8087	-32
8089	-15.8
8091	-26.2
8093	-19.8
8095	-46
8097	19.6
8099	-37.3
8101	10.7
8103	-58
8105	-28.2
8107	-3.2
8109	2.2
8111	-14.5
8113	16.6
8115	-38.3
8117	6.8
8119	-38.4
8121	-57.8
8123	-22.2
8125	-48.1
9001	8.7
9003	25
9005	2.5
9007	17.6
9009	21.5
9011	17.2
9013	13.6
9015	16.1
10001	-3.2
10003	22.5
10005	-7.8
12001	14.9
12003	-40
12005	-34.1
12007	-27.4
12009	-8.6
12011	36
12013	-14.3
12015	-9.2
12017	-7.9
12019	-47.8
12021	-33.6
12023	-21.6
12027	-12.5
12029	-19.2
12031	-17.2
12033	-28
12035	4.3
12037	-9.2
12039	33.2
12041	-26.3
12043	-12.3
12045	-19.3
12047	-11.2
12049	-23.4
12051	-19
12053	2.6
12055	-17.7
12057	-3.6
12059	-38.9
12061	-18.4
12063	-14.5
12065	9.5
12067	-35.7
12069	-15.6
12071	-18.2
12073	21.2
12075	-12
12077	-12.9
12079	-0.9
12081	-8.5
12083	-10.7
12085	-12.4
12086	5.8
12087	0.7
12089	-40.3
12091	-50.2
12093	-5.2
12095	1.6
12097	3
12099	26.5
12101	0.2
12103	3.4
12105	-9.5
12107	-5.6
12109	-33.5
12111	8.3
12113	-47.2
12115	-6.8
12117	-12.5
12119	-11.7
12121	-32.1
12123	-21.2
12125	-24.7
12127	7.7
12129	-8.3
12131	-36.2
12133	-27.8
13001	-30.8
13003	-20.2
13005	-35.7
13007	17.8
13009	-1.7
13011	-44.2
13013	-35.8
13015	-32.1
13017	-3.7
13019	-24.9
13021	1.3
13023	-31.5
13025	-38.8
13027	-7.3
13029	-38.2
13031	-23.7
13033	4.2
13035	-16.8
13037	17.5
13039	-27.6
13043	-22.2
13045	-29.9
13047	-37.5
13049	-27.4
13051	-0.8
13053	0.3
13055	-14.6
13057	-49.7
13059	11
13061	28.7
13063	32.2
13065	-14.8
13067	-23.4
13069	-23.4
13071	-33.5
13073	-49.6
13075	-16.7
13077	-39.8
13079	-13.8
13081	-18.7
13083	-34.3
13085	-47.2
13087	-10.8
13089	43
13091	-20
13093	8.4
13095	14.7
13097	-25.5
13099	-9.4
13101	-38.6
13103	-39
13105	-13
13107	-8.6
13109	-20.8
13111	-33
13113	-41.5
13115	-22.6
13117	-59.5
13119	-28.6
13121	17.5
13123	-37.2
13125	-50.9
13127	-29.9
13129	-32.6
13131	-18
13133	-16.7
13135	-32.1
13137	-46.3
13139	-44
13141	56.2
13143	-28.5
13145	-31.4
13147	-14.4
13149	-24.6
13151	-36.1
13153	-27.2
13155	-22.1
13157	-38.8
13159	-19.3
13161	-34.1
13163	6.9
13165	-3.1
13167	-25.9
13169	-22.2
13171	-14.2
13173	-11.8
13175	-17.6
13177	-50.4
13179	8.4
13181	-17.6
13183	-15.4
13185	-15.7
13187	-34.7
13189	-21
13191	6.8
13193	26.8
13195	-41.1
13197	-9.8
13199	3.7
13201	-26.8
13205	2.6
13207	-23.4
13209	-18.5
13211	-22.3
13213	-34.6
13215	8.5
13217	-24.6
13219	-40.2
13221	-27.6
13223	-42.3
13225	-0.3
13227	-37.1
13229	-44.2
13231	-40.3
13233	-17.6
13235	-16.4
13237	-16.1
13239	21
13241	-31.8
13243	7.6
13245	9.8
13247	-29.6
13249	-21.4
13251	-5.4
13253	-8.3
13255	-22.8
13257	-30.3
13259	29.8
13261	-1.5
13263	31.9
13265	33.7
13267	-29.6
13269	-3.1
13271	1.9
13273	2.1
13275	-19
13277	-30.9
13279	-26
13281	-31.8
13283	-9.8
13285	-27.6
13287	-4.1
13289	10.8
13291	-34.1
13293	-23
13295	-32.1
13297	-39.7
13299	-27.7
13301	11.8
13303	4.2
13305	-31.5
13307	19.5
13309	-4.4
13311	-40.9
13313	-38.3
13315	-18.2
13317	-3.1
13319	1.8
13321	-26.6
15001	22.4
15003	14.4
15005	-0.5
15007	31.2
15009	26.5
16001	-28.4
16003	-60.2
16005	-24.3
16007	-61.9
16009	-46.9
16011	-51.1
16013	2.3
16015	-42.2
16017	-32.3
16019	-53.4
16021	-51.1
16023	-48.5
16025	-49
16027	-47
16029	-67.4
16031	-67.8
16033	-65.4
16035	-53
16037	-59.6
16039	-44.3
16041	-73.1
16043	-70.2
16045	-51.1
16047	-44.7
16049	-62.5
16051	-69.2
16053	-51.4
16055	-34
16057	-16.8
16059	-60.9
16061	-57.4
16063	-39.3
16065	-79.9
16067	-55.2
16069	-35.3
16071	-62.7
16073	-57.9
16075	-48.8
16077	-41.7
16079	-12.7
16081	-38.8
16083	-45
16085	-36.2
16087	-47.6
17001	-17.6
17003	18.6
17005	-11.1
17007	-14.2
17009	-17.5
17011	-5.1
17013	2.6
17015	-10.5
17017	-3.5
17019	0.7
17021	-5.5
17023	-20
17025	-26.2
17027	-14.5
17029	-8.4
17031	39.5
17033	-19.8
17035	-22.5
17037	-7.6
17039	-16.1
17041	-19.2
17043	-13.8
17045	-20.1
17047	-38.4
17049	-39.3
17051	-14.6
17053	-29.7
17055	8.4
17057	11.8
17059	7.6
17061	-11.6
17063	-7.7
17065	-13
17067	-9.6
17069	-7.4
17071	7.8
17073	3.9
17075	-32.4
17077	8
17079	-26.5
17081	-11.4
17083	-4.1
17085	-7.5
17087	-25.8
17089	-12.5
17091	-2.7
17093	-23.5
17095	11
17097	-3
17099	4.1
17101	-12.2
17103	-13.9
17105	-22.3
17107	-27.6
17109	-3.5
17111	-20.7
17113	-15.4
17115	0.4
17117	5.4
17119	8.8
17121	-1.6
17123	-10.2
17125	-3.8
17127	-11.8
17129	-27.9
17131	8.1
17133	-13.8
17135	1.9
17137	-15.5
17139	-9.7
17141	-23.1
17143	2.4
17145	0.1
17147	-14
17149	-19.1
17151	-18.5
17153	2.4
17155	6.4
17157	-2.8
17159	-30.5
17161	19.1
17163	13.1
17165	-4.8
17167	-13.6
17169	-13.5
17171	-21
17173	-18.6
17175	-16.7
17177	-14.2
17179	-11
17181	-5.3
17183	-1.7
17185	-26.2
17187	-5.4
17189	-24.5
17191	-41.3
17193	-21
17195	6.1
17197	-3.1
17199	-7.2
17201	-2.1
17203	-32.5
18001	-38.5
18003	-25.7
18005	-28.4
18007	-29.2
18009	-12.7
18011	-46.1
18013	-19
18015	-26.3
18017	-26.3
18019	-6
18021	-27.9
18023	-32.4
18025	-12.6
18027	-43.3
18029	-31.3
18031	-35.7
18033	-29
18035	-3.3
18037	-33.1
18039	-37.9
18041	-19.5
18043	-11.4
18045	-23.7
18047	-36.4
18049	-27.7
18051	-14.6
18053	-24.9
18055	-20.8
18057	-51
18059	-41.7
18061	-19.6
18063	-44.9
18065	-15.1
18067	-22.3
18069	-41.5
18071	-26
18073	-31.6
18075	-19.5
18077	-12.8
18079	-23.5
18081	-41.7
18083	-15.1
18085	-52.9
18087	-32.9
18089	25.5
18091	1.4
18093	-35.2
18095	-9.2
18097	-1.8
18099	-29.8
18101	-32.9
18103	-33.4
18105	-4.5
18107	-38.6
18109	-41.6
18111	-21.4
18113	-30.6
18115	-23.1
18117	-28.4
18119	-27.7
18121	-21.6
18123	4.4
18125	-15.8
18127	-7.9
18129	-19.1
18131	-29.1
18133	-27.7
18135	-21.3
18137	-33.2
18139	-33.2
18141	-0.4
18143	1.5
18145	-28
18147	-15.5
18149	-3
18151	-25.8
18153	-6.4
18155	-15.8
18157	-17.5
18159	-33.2
18161	-32.7
18163	-10.5
18165	3.1
18167	-1.7
18169	-31.9
18171	-20.4
18173	-20.5
18175	-22.9
18177	-16.4
18179	-39.8
18181	-24.6
18183	-32.5
19001	-13.2
19003	-13.2
19005	-6.6
19007	-8.1
19009	-3.9
19011	3.3
19013	11.6
19015	4.8
19017	-5
19019	9.6
19021	-13.8
19023	-16.9
19025	-13.3
19027	-4.9
19029	-25.5
19031	-0.5
19033	12.1
19035	-9.8
19037	7.1
19039	1.8
19041	-9.7
19043	1.8
19045	13.2
19047	-10.3
19049	-9.5
19051	-7.5
19053	-6.7
19055	-6.1
19057	20
19059	-7.4
19061	14.1
19063	-4
19065	-1.6
19067	8.3
19069	-11.3
19071	-17.4
19073	-0.1
19075	-28.5
19077	-6.8
19079	-7.9
19081	-13.5
19083	-9.4
19085	-19.6
19087	-7
19089	10.7
19091	-18.6
19093	-16.5
19095	-9.4
19097	12.5
19099	-0.6
19101	-5.6
19103	24.7
19105	4.9
19107	-8.4
19109	-7.8
19111	19.3
19113	8.7
19115	1.4
19117	-8.2
19119	-49.2
19121	-8.6
19123	-27.8
19125	-18.7
19127	-3.1
19129	-28.3
19131	4.5
19133	-5.3
19135	-4.8
19137	-29.7
19139	3.1
19141	-36.1
19143	-38.1
19145	-33
19147	-0.8
19149	-27.1
19151	-12.7
19153	5.1
19155	-12.3
19157	-2.5
19159	-5.1
19161	-14
19163	3.8
19165	-25
19167	-69.2
19169	3
19171	-0.4
19173	-17.4
19175	-8.5
19177	-16.7
19179	13
19181	-1.1
19183	-10.4
19185	-12.6
19187	1.3
19189	0
19191	-3.7
19193	-3.6
19195	13.2
19197	-9.8
20001	-22.1
20003	-19.3
20005	-3.5
20007	-45.3
20009	-37.6
20011	-26.5
20013	-31.9
20015	-32
20017	-35.2
20019	-48.5
20021	-14
20023	-56.2
20025	-50.7
20027	-50.5
20029	-36.1
20031	-37.7
20033	-55
20035	-18.4
20037	-1
20039	-47.7
20041	-35.5
20043	-33.8
20045	2.5
20047	-39.8
20049	-44.3
20051	-23.7
20053	-36.4
20055	-44.3
20057	-39.5
20059	-27.4
20061	-19.7
20063	-55.8
20065	-48.8
20067	-51
20069	-53.7
20071	-60.9
20073	-38.9
20075	-54
20077	-40.1
20079	-27.3
20081	-66.1
20083	-57.3
20085	-19.8
20087	-18.6
20089	-54.9
20091	-23.8
20093	-53.6
20095	-44.7
20097	-60.7
20099	-9
20101	-53
20103	-12.8
20105	-44.2
20107	-22.2
20109	-61.9
20111	-12.2
20113	-42.4
20115	-45.9
20117	-24.6
20119	-59.1
20121	-18.3
20123	-49.5
20125	-27.6
20127	-27.6
20129	-57.2
20131	-39.9
20133	-21.2
20135	-55.8
20137	-47.3
20139	-19.2
20141	-47.2
20143	-48.7
20145	-30.5
20147	-52.3
20149	-38.7
20151	-36
20153	-60.4
20155	-24.7
20157	-55.3
20159	-33.2
20161	-25.1
20163	-51.6
20165	-39.9
20167	-45
20169	-23.4
20171	-60.9
20173	-19.6
20175	-54.3
20177	-2
20179	-57.6
20181	-45.7
20183	-46.2
20185	-45
20187	-55.9
20189	-65.4
20191	-26.2
20193	-53.9
20195	-38.8
20197	-34.3
20199	-74.1
20201	-54.4
20203	-60.3
20205	-38.6
20207	-28.9
20209	37.5
21001	-50.7
21003	-38.9
21005	-25.7
21007	1
21009	-28
21011	-5.3
21013	-8
21015	-40.4
21017	-12.2
21019	1
21021	-21.4
21023	-39.5
21025	15.6
21027	-29.6
21029	-26.3
21031	-47.5
21033	-17.6
21035	-15.7
21037	-26.4
21039	-10.4
21041	-6.7
21043	-5.3
21045	-58.3
21047	-23.1
21049	-19.6
21051	-48.2
21053	-51.4
21055	-21.1
21057	-49.9
21059	-20.4
21061	-31.4
21063	28.8
21065	-31.1
21067	-7.4
21069	-28.9
21071	32.1
21073	2.5
21075	5.2
21077	-12.5
21079	-40.5
21081	-26.3
21083	-12.8
21085	-38.4
21087	-53.7
21089	-0.9
21091	-15
21093	-26.1
21095	3.1
21097	-17.7
21099	-25.8
21101	1.7
21103	-21.1
21105	-10.4
21107	-17.3
21109	-70.1
21111	1.1
21113	-36.6
21115	-19.3
21117	-29.4
21119	35.4
21121	-24.4
21123	-32.5
21125	-45.6
21127	-13.9
21129	-38.8
21131	-44.4
21133	6.3
21135	-42.6
21137	-28.3
21139	-2.8
21141	-16.2
21143	-0.8
21145	-12.9
21147	-40.2
21149	-12.3
21151	-19
21153	-3.9
21155	-8.3
21157	-8.4
21159	-21.9
21161	-24.2
21163	-19.5
21165	-6.3
21167	-26.8
21169	-30.6
21171	-58.3
21173	-8.7
21175	-10.4
21177	6
21179	-17.1
21181	-23.6
21183	-24.2
21185	-36.7
21187	-29.6
21189	-62.2
21191	-29.1
21193	1.4
21195	10
21197	-6.3
21199	-49
21201	-29.4
21203	-54.2
21205	-1.1
21207	-50.8
21209	-18.5
21211	-29
21213	-10.5
21215	-33.9
21217	-37.7
21219	-28
21221	-19.6
21223	-21.8
21225	-4.3
21227	-25
21229	-35
21231	-27.7
21233	-4.6
21235	-29.4
21237	-5.9
21239	-19.2
22001	-21.6
22003	-2
22005	-11.6
22007	7.8
22009	-4.8
22011	-32.5
22013	1.5
22015	-32
22017	0.3
22019	-6.1
22021	-34.2
22023	-28.2
22025	-25.5
22027	-11.1
22029	-12.9
22031	-2.6
22033	-7.9
22035	17.9
22037	-2.7
22039	-11.8
22041	-31.3
22043	-38.5
22045	-18.7
22047	18.7
22049	-25.4
22051	-19.8
22053	-14.8
22055	-27.7
22057	-11.9
22059	-52.3
22061	-15
22063	-38.1
22065	7.2
22067	-11.5
22069	-3.3
22071	53.7
22073	-23.9
22075	-17.7
22077	9.7
22079	-20.8
22081	-1.1
22083	-19.5
22085	-33.3
22087	-16.5
22089	-14.7
22091	20.3
22093	24.8
22095	12.6
22097	7.2
22099	-1
22101	-7.2
22103	-44.1
22105	-12.9
22107	7.8
22109	-19.3
22111	-28
22113	-17.6
22115	-30.4
22117	-9.9
22119	-13.5
22121	0.8
22123	-41.2
22125	-7.2
22127	-29.7
23001	12.3
23003	1.3
23005	10.5
23007	6.9
23009	0.3
23011	11.8
23013	1.9
23015	-4.7
23017	6.1
23019	-4.3
23021	-12.3
23023	3.8
23025	3.1
23027	-1.6
23029	-8.5
23031	4.1
24001	-14.8
24003	-7.7
24005	8.6
24009	-10.6
24011	-21.8
24013	-34.2
24015	-11.5
24017	-0.2
24019	-5.9
24021	-19.1
24023	-44
24025	-19.3
24027	7.2
24029	-7
24031	28.5
24033	59.9
24035	-22.7
24037	-17.2
24039	1.8
24041	-20.4
24043	-21
24045	-6.4
24047	-7.1
24510	67.9
25001	10
25003	36.8
25005	34.3
25007	35.2
25009	21.6
25011	22.8
25013	23.1
25015	27.7
25017	30.7
25019	24.8
25021	25.2
25023	14.9
25025	50.4
25027	18.7
26001	-8.1
26003	-2.2
26005	-28.8
26007	1.5
26009	-21.8
26011	3.1
26013	-13.3
26015	-23.2
26017	11.3
26019	-8.3
26021	-12
26023	-13.5
26025	1.4
26027	-9.3
26029	-17
26031	-11
26033	-8.5
26035	2.3
26037	-15
26039	-9.3
26041	-5.7
26043	-11.4
26045	-3.7
26047	-21.9
26049	27.4
26051	-2
26053	1.2
26055	-21.4
26057	-12.2
26059	-23.3
26061	-16
26063	-13
26065	17.7
26067	-19
26069	0.7
26071	0.3
26073	0.3
26075	-6.8
26077	0.1
26079	-16.1
26081	-21.8
26083	-15.4
26085	12.8
26087	-12.9
26089	-18.9
26091	-6.3
26093	-21.5
26095	-21.2
26097	-12.9
26099	2
26101	1.5
26103	9.5
26105	-11.9
26107	-12.5
26109	-9.4
26111	-15.8
26113	-34.6
26115	3.8
26117	-13.9
26119	-12.7
26121	10.9
26123	-19.5
26125	0.7
26127	-12.7
26129	1.4
26131	-23.6
26133	-17.4
26135	-13.8
26137	-20.2
26139	-44.9
26141	-6.4
26143	1.4
26145	9.8
26147	-1.3
26149	-20.2
26151	-21.1
26153	-1.7
26155	-1.4
26157	-10.1
26159	-3.9
26161	23.1
26163	39.5
26165	-15.1
27001	0.4
27003	-1.4
27005	-20.8
27007	-6.6
27009	-11.6
27011	1.5
27013	-2.7
27015	-21.7
27017	19.7
27019	-24.3
27021	-12.3
27023	-0.9
27025	-6.6
27027	-7.2
27029	-18.1
27031	-4.9
27033	-14.5
27035	-14
27037	-1.5
27039	-10.9
27041	-20.6
27043	-9
27045	3.2
27047	9.9
27049	-4.5
27051	-8.7
27053	13.8
27055	-6.1
27057	-17.9
27059	-10.1
27061	4.2
27063	-8
27065	-10
27067	-9.9
27069	-9.8
27071	-9.5
27073	6.3
27075	16.4
27077	-17.3
27079	-6.8
27081	1.8
27083	-12.3
27085	-21.1
27087	-9.5
27089	-19.8
27091	-15.1
27093	-11
27095	-8.7
27097	-20.4
27099	20.2
27101	-7.1
27103	-1.7
27105	-11.8
27107	-6.9
27109	-8.6
27111	-25.5
27113	-15.1
27115	1.7
27117	-15.2
27119	-13.5
27121	-1.1
27123	20.3
27125	-13
27127	-25.1
27129	-6.7
27131	8.2
27133	-14.3
27135	-36.3
27137	26.3
27139	-15.2
27141	-15.7
27143	-19.6
27145	-12.7
27147	-8.8
27149	-7.4
27151	5.4
27153	-17.6
27155	-9.5
27157	-7.4
27159	-23.7
27161	-10.8
27163	-2.2
27165	-6.4
27167	-30.4
27169	0.8
27171	-16.8
27173	-1.8
28001	8.7
28003	-17.9
28005	-16.2
28007	-18.4
28009	8.9
28011	26
28013	-21.3
28015	-29.7
28017	-1
28019	-30.6
28021	59.9
28023	-31.4
28025	11.1
28027	20.1
28029	-8
28031	-23.1
28033	-44.3
28035	-22
28037	-24.3
28039	-44
28041	-40.3
28043	-11.3
28045	-31.6
28047	-25.4
28049	9.8
28051	46.8
28053	16.2
28055	19.6
28057	-28.8
28059	-35.7
28061	-3.5
28063	63.6
28065	7
28067	-35.9
28069	8.8
28071	-15.9
28073	-56.7
28075	-34.8
28077	-13.2
28079	-19.5
28081	-26.1
28083	15.3
28085	-32.7
28087	-20.6
28089	-29.6
28091	-24.9
28093	23.4
28095	-12.6
28097	-9.6
28099	-42.9
28101	-44.4
28103	36.9
28105	-10.8
28107	3.5
28109	-42.7
28111	-40.4
28113	-7
28115	-40.8
28117	-21.8
28119	23.6
28121	-60.7
28123	-22.8
28125	21.3
28127	-32.1
28129	-49.8
28131	-37.1
28133	18.7
28135	10.6
28137	-20.1
28139	-29.9
28141	-20.2
28143	31
28145	-32.7
28147	-19.5
28149	-18.8
28151	16.1
28153	-22
28155	-36.6
28157	27
28159	-12.1
28161	3.4
28163	-3
29001	-18.9
29003	-20.6
29005	-27.8
29007	-7.5
29009	-30.9
29011	-45.5
29013	-11.5
29015	-14.7
29017	-34.4
29019	0.1
29021	1.4
29023	-29.1
29025	-19.6
29027	-10.5
29029	-24.1
29031	-35.6
29033	-28
29035	-26.6
29037	-15
29039	-27.9
29041	-12.8
29043	-30.3
29045	-2.7
29047	-0.5
29049	-4.4
29051	-25.2
29053	-22.7
29055	-17.4
29057	-34.5
29059	-23.2
29061	-19
29063	-20.3
29065	-36.5
29067	-39.3
29069	-5.1
29071	-15
29073	-29.7
29075	-16.6
29077	-18.1
29079	-30.5
29081	-31.1
29083	-7.3
29085	-5.5
29087	-33.1
29089	-10.9
29091	-31.6
29093	-4.9
29095	20.1
29097	-35.6
29099	1.9
29101	-14.8
29103	-21.9
29105	-34
29107	-10.9
29109	-32.1
29111	-8.7
29113	-10.5
29115	-10.5
29117	-21
29119	-40.2
29121	-20.2
29123	-15
29125	-17.7
29127	-13.8
29129	-38.3
29131	-29.6
29133	6.4
29135	-26.7
29137	-8.2
29139	-19.7
29141	-16.1
29143	3.9
29145	-37.3
29147	-18.2
29149	-23.1
29151	-36.3
29153	-29.1
29155	7.6
29157	-37.9
29159	-23.8
29161	-20.2
29163	-1.7
29165	-7.7
29167	-28
29169	-26.4
29171	-38.5
29173	-9.6
29175	-8.4
29177	4.2
29179	-15.3
29181	-26.2
29183	-14.7
29185	-18.7
29186	0.8
29187	-1.8
29189	4.9
29195	-0.4
29197	-18
29199	-25.5
29201	-16.7
29203	-22.1
29205	-21.2
29207	-26.6
29209	-31.2
29211	-25
29213	-30.6
29215	-27.2
29217	-22.3
29219	-14.1
29221	-0.1
29223	-16.9
29225	-27.3
29227	-16.2
29229	-40.6
29510	57
30001	-55.7
30003	16.2
30005	-6.4
30007	-49.9
30009	-33.4
30011	-81.1
30013	-15.6
30015	-47.4
30017	-34.2
30019	-40.8
30021	-32.4
30023	25.5
30025	-59.3
30027	-50.5
30029	-42.4
30031	-28.1
30033	-79.8
30035	11.7
30037	-60.2
30039	-56.2
30041	-10.1
30043	-35.3
30045	-56.4
30047	-22.9
30049	-19.2
30051	-49.2
30053	-50.8
30055	-49.5
30057	-52.4
30059	-56.4
30061	-43
30063	-9.6
30065	-49
30067	-32.5
30069	-71.7
30071	-59
30073	-40.5
30075	-74.4
30077	-47.6
30079	-51
30081	-39.9
30083	-46.2
30085	11.4
30087	-13.1
30089	-42.4
30091	-24.6
30093	15.5
30095	-47.5
30097	-62.5
30099	-44.1
30101	-42.9
30103	-50.2
30105	-31.5
30107	-47.1
30109	-48.3
30111	-24.1
30113	-0.5
31001	-36.5
31003	-56.5
31005	-77.3
31007	-70.8
31011	-57.1
31013	-31.8
31015	-54.2
31017	-67.4
31019	-49.1
31021	-25
31023	-42.5
31025	-24.7
31027	-45.6
31029	-64.5
31031	-66.4
31033	-56.9
31035	-48.7
31037	-45
31039	-56.9
31041	-60.9
31043	-7.5
31045	-48.2
31047	-50.7
31049	-55.7
31051	-36.8
31053	-27.1
31055	-15.7
31057	-62
31059	-39.7
31061	-47
31063	-62.1
31065	-54.6
31067	-21.8
31069	-62.8
31071	-54.1
31073	-52.7
31075	-72
31077	-32.7
31079	-32
31081	-49.2
31083	-50.1
31085	-74
31087	-55.5
31089	-63.1
31091	-59.9
31093	-29
31095	-26.2
31097	-20.2
31099	-53.4
31101	-57
31103	-67.6
31105	-55.5
31107	-44.4
31109	-10.6
31111	-27.1
31113	-67.5
31115	-53.4
31117	-65.7
31119	-53.9
31121	-46.4
31123	-53.7
31125	-37.1
31127	-33.5
31129	-43.7
31131	-30.1
31133	-27.8
31135	-64.4
31137	-57.6
31139	-61.7
31141	-56.9
31143	-50.9
31145	-50.1
31147	-30.4
31149	-65.8
31151	-5.6
31153	-32.2
31155	-32.3
31157	-40
31159	-31.9
31161	-67
31163	-30.3
31165	-71.1
31167	-56.6
31169	-42.9
31171	-69.9
31173	-6.1
31175	-45.8
31177	-37.7
31179	-45.5
31181	-37.4
31183	-59.2
31185	-53.3
32001	-46.4
32003	6.1
32005	-30.3
32007	-60.4
32009	-44.7
32011	-58.1
32013	-50.4
32015	-58.3
32017	-47
32019	-28.1
32021	-14.1
32023	-20.1
32027	-41.9
32029	-19.9
32031	-9.9
32033	-33.4
32510	-19.7
33001	-15.7
33003	-12
33005	10.2
33007	-5.7
33009	0.1
33011	-2.4
33013	0.4
33015	-3.7
33017	8.2
33019	-6.2
34001	18.4
34003	13.2
34005	14.8
34007	32.4
34009	-3.9
34011	18.6
34013	45.2
34015	17
34017	43.9
34019	-19.7
34021	26.5
34023	23.3
34025	4.2
34027	-11.7
34029	-2.1
34031	18.2
34033	5
34035	-3.4
34037	-21.3
34039	22.8
34041	-14.3
35001	1.6
35003	-54.3
35005	-28.3
35006	18.9
35007	0.5
35009	-40.9
35011	-27.3
35013	5.2
35015	-18.6
35017	5.9
35019	31.5
35021	-26.1
35023	-6.8
35025	-44.7
35027	-36.4
35028	-14.9
35029	-6.8
35031	32.3
35033	35.5
35035	-30.1
35037	-21.8
35039	38.1
35041	-35.9
35043	-2.2
35045	-27.7
35047	46.7
35049	36
35051	-23
35053	1.3
35055	38.9
35057	-21.1
35059	-47
35061	-5.1
36001	26.3
36003	-27.8
36005	74
36007	9.2
36009	-14.4
36011	5.5
36013	-4
36015	-4.1
36017	-5
36019	7
36021	0.7
36023	-1.3
36025	-11.4
36027	-0.7
36029	18.4
36031	-5.5
36033	6.5
36035	-10.3
36037	-16.9
36039	-14
36041	-35.1
36043	-7.5
36045	-4.4
36047	64.4
36049	-16.7
36051	-18
36053	-10.6
36055	5.9
36057	1.9
36059	18.9
36061	65.1
36063	6.8
36065	-4.3
36067	12.4
36069	-9.5
36071	-4.2
36073	-20.8
36075	-1.3
36077	-3.5
36079	-8.4
36081	52.5
36083	7.2
36085	6.4
36087	16.7
36089	11.9
36091	-3.9
36093	10.8
36095	-15.8
36097	-13.7
36099	0.2
36101	-24.2
36103	10.9
36105	5.3
36107	-14.2
36109	20.6
36111	5.5
36113	-10.3
36115	-13.1
36117	-18
36119	20.6
36121	-28.1
36123	-16.5
37001	-25.6
37003	-38.1
37005	-19.4
37007	19.9
37009	-22
37011	-49.3
37013	-23
37015	29.7
37017	7.9
37019	-8.5
37021	-9.3
37023	-21.8
37025	-33.7
37027	-34
37029	-16.1
37031	-32.8
37033	-2.6
37035	-35.9
37037	0.5
37039	-32.2
37041	-0.2
37043	-27.9
37045	-17.6
37047	8.4
37049	-23.2
37051	0.2
37053	-22.8
37055	-13.7
37057	-37.4
37059	-47.2
37061	-10
37063	27.6
37065	24.1
37067	-13.1
37069	-7.1
37071	-34.6
37073	13
37075	-39.2
37077	1.9
37079	-15.4
37081	-2.7
37083	20.2
37085	-23.7
37087	-10.9
37089	-34.5
37091	38.7
37093	17.9
37095	-2.5
37097	-32.1
37099	-4.8
37101	-33.3
37103	-7.8
37105	-16.6
37107	-9.9
37109	-31.2
37111	-31.6
37113	-28.6
37115	-14.6
37117	4.9
37119	-3.3
37121	-52.7
37123	-11.3
37125	-28.1
37127	-18.9
37129	-11.3
37131	34.2
37133	-31.6
37135	25.9
37137	-16
37139	8.1
37141	-9.3
37143	-5.1
37145	-14.7
37147	-8.6
37149	-24.1
37151	-46.4
37153	11.2
37155	20.1
37157	-18
37159	-32.3
37161	-28.4
37163	-9
37165	19.5
37167	-37.6
37169	-41.2
37171	-33.2
37173	-3.4
37175	-28.3
37177	8.6
37179	-36.5
37181	11.5
37183	-7.6
37185	34.4
37187	10.4
37189	-13.7
37191	-23.4
37193	-40
37195	-9.3
37197	-53.9
37199	-14.8
38001	-47
38003	-27
38005	-5.3
38007	-59.9
38009	-32.4
38011	-51.5
38013	-39.2
38015	-37.2
38017	-20.9
38019	-38.2
38021	-38.1
38023	-17.8
38025	-38.1
38027	-19.8
38029	-52
38031	-40.5
38033	-56.5
38035	-19.1
38037	-59.5
38039	-30.2
38041	-46.9
38043	-43.9
38045	-37
38047	-51.9
38049	-29.6
38051	-51.4
38053	-42
38055	-31.2
38057	-45.9
38059	-32.2
38061	-7.7
38063	-19.2
38065	-44.8
38067	-35.9
38069	-43.5
38071	-27.6
38073	-15.5
38075	-28.8
38077	-31.8
38079	28.3
38081	-7.1
38083	-59.4
38085	43.2
38087	-52.8
38089	-37.3
38091	-15.3
38093	-27.1
38095	-24.4
38097	-21.9
38099	-26.7
38101	-29.3
38103	-39.9
38105	-37.1
39001	-27.8
39003	-33.9
39005	-32.8
39007	4.3
39009	13.1
39011	-41.7
39013	10.6
39015	-25.1
39017	-29.9
39019	-14.9
39021	-21.3
39023	0
39025	-38
39027	-33.9
39029	-3.1
39031	-19.1
39033	-26.3
39035	28.5
39037	-30.9
39039	-21.2
39041	-35.7
39043	4.1
39045	-27.3
39047	-25.6
39049	0.5
39051	-25.6
39053	-21.2
39055	-24.2
39057	-20.3
39059	-10.4
39061	-11.7
39063	-40.3
39065	-21.7
39067	-1.4
39069	-31.9
39071	-29
39073	-11.9
39075	-51.8
39077	-19.7
39079	-15.1
39081	6.6
39083	-29.9
39085	-5.7
39087	-5.5
39089	-22.9
39091	-32.5
39093	10
39095	18.2
39097	-25.1
39099	24.6
39101	-13.6
39103	-16.5
39105	-21.7
39107	-40.2
39109	-24.9
39111	6
39113	1.6
39115	-20.4
39117	-26.3
39119	-14.6
39121	-19.6
39123	-2.7
39125	-20.9
39127	-4.7
39129	-23.7
39131	-4.4
39133	4.6
39135	-26.9
39137	-51.1
39139	-18.6
39141	-8.4
39143	-10.4
39145	-4
39147	-18.3
39149	-30.4
39151	-2.3
39153	9.8
39155	23.4
39157	-10.4
39159	-38.5
39161	-34.4
39163	-14.3
39165	-42.7
39167	-19.2
39169	-26.7
39171	-28.6
39173	-9.7
39175	-28.1
40001	-19.6
40003	-52.4
40005	-11.3
40007	-71.9
40009	-25.9
40011	-30.6
40013	-5
40015	-6.6
40017	-46.1
40019	-18.7
40021	1.9
40023	5.9
40025	-68.1
40027	-26.2
40029	-2.5
40031	-18
40033	-13.4
40035	-5
40037	-16.6
40039	-35.5
40041	-16.3
40043	-45.9
40045	-52.5
40047	-39
40049	-14.1
40051	-25.1
40053	-42.6
40055	-21.3
40057	-15.8
40059	-55.3
40061	9.6
40063	2.5
40065	-38.2
40067	-3.4
40069	-7.2
40071	-31.6
40073	-56.5
40075	-17.2
40077	2.9
40079	-11.7
40081	-28.2
40083	-29.1
40085	-8.7
40087	-29.6
40089	-27.7
40091	9.3
40093	-61.3
40095	-9.3
40097	-4.1
40099	-7.5
40101	2.3
40103	-39.2
40105	-10.1
40107	-3
40109	-26.2
40111	10
40113	-4.3
40115	-0.3
40117	-16.5
40119	-24.3
40121	-6
40123	-15.4
40125	-20.5
40127	-8.8
40129	-47.5
40131	-24.4
40133	-3.4
40135	-10.2
40137	-25.6
40139	-64.2
40141	-16
40143	-24.5
40145	-22.5
40147	-35
40149	-29.3
40151	-38.6
40153	-44.4
41001	-41.9
41003	9
41005	-1.2
41007	7.7
41009	4
41011	-14.2
41013	-35.4
41015	-21.9
41017	-17.9
41019	-34.6
41021	-29.9
41023	-65.2
41025	-55
41027	3.6
41029	-15.7
41031	-17.2
41033	-28.6
41035	-41.1
41037	-57.4
41039	10.6
41041	10.9
41043	-20
41045	-51.3
41047	-7.6
41049	-28.9
41051	34.8
41053	-11.3
41055	-33.7
41057	-0.6
41059	-27.9
41061	-35.8
41063	-57.4
41065	-7.4
41067	1.9
41069	-45.9
41071	-14.4
42001	-28
42003	15.7
42005	-16.5
42007	8.3
42009	-42.3
42011	-9.4
42013	-28.5
42015	-29.4
42017	3.7
42019	-27.2
42021	3.4
42023	-27.4
42025	3.9
42027	-10.1
42029	-10.2
42031	-26.9
42033	-21.1
42035	-5.1
42037	-14.7
42039	-17.3
42041	-27.4
42043	-9.7
42045	11.2
42047	-12.2
42049	8.8
42051	15.9
42053	-23.7
42055	-37.5
42057	-44.5
42059	9.3
42061	-33.9
42063	-10.5
42065	-34.1
42067	-36.8
42069	22.7
42071	-35.2
42073	5.9
42075	-27.6
42077	0.5
42079	7.7
42081	-29.3
42083	-26.7
42085	0.9
42087	-31.7
42089	-3.3
42091	9.2
42093	-25.2
42095	4.9
42097	-14
42099	-42.4
42101	61.5
42103	-12.1
42105	-40.3
42107	-6.7
42109	-42.8
42111	-25.3
42113	-28.3
42115	-22.2
42117	-34.4
42119	-33.3
42121	-17.3
42123	-10.5
42125	8.5
42127	-23.2
42129	-6.3
42131	-22.4
42133	-25.3
44001	21.2
44003	24
44005	16.8
44007	36.7
44009	14.3
45001	-8.6
45003	-33.6
45005	40.5
45007	-29.1
45009	24.8
45011	-10.9
45013	-18.8
45015	-16.8
45017	-2.9
45019	-8.3
45021	-23.6
45023	1.9
45025	-1.7
45027	6.7
45029	-2.8
45031	-5.2
45033	10.1
45035	-25.9
45037	-9.7
45039	26.3
45041	-16.2
45043	-5.9
45045	-35.4
45047	-20
45049	26.5
45051	-16.1
45053	18.6
45055	-23.3
45057	-14.5
45059	-21
45061	17.9
45063	-42.9
45065	4.8
45067	21.5
45069	29.5
45071	-25.3
45073	-33.6
45075	21.3
45077	-46.1
45079	10.8
45081	-21.1
45083	-27.5
45085	-5.6
45087	-11
45089	18.9
45091	-27.2
46003	-24.1
46005	-15.1
46007	-30.5
46009	-24.1
46011	-15.7
46013	-11.9
46015	-21.3
46019	-52.5
46021	-65.1
46023	-25.8
46025	-23.3
46027	4.9
46029	-23.2
46031	-6.9
46033	-43.6
46035	-20.5
46037	-4.6
46039	-14.9
46041	6.5
46043	-56
46045	-29.8
46047	-31.2
46049	-39.3
46051	-20.4
46053	-34.6
46055	-69.1
46057	-30.2
46059	-42.6
46061	-34.7
46063	-80.6
46065	-40
46067	-40.4
46069	-45.3
46071	-35.9
46073	-14.4
46075	-56.6
46077	-21.1
46079	-8.2
46081	-38.1
46083	-26.1
46085	-28.8
46087	-25
46089	-55.4
46091	-8.1
46093	-49.7
46095	-37.7
46097	-16.4
46099	-10.9
46101	-2.1
46103	-37.7
46105	-58.7
46107	-51.1
46109	-13.7
46111	-24.1
46113	72
46115	-21.3
46117	-40.6
46119	-49.2
46121	34
46123	-40.6
46125	-28
46127	-16.2
46129	-41.2
46135	-15.5
47001	-4.4
47003	1.4
47005	18.7
47007	-15.4
47009	-26.6
47011	-39.2
47013	5.2
47015	15.9
47017	-2.6
47019	-28.7
47021	-2.8
47023	-23.1
47025	-13.6
47027	13
47029	-23.1
47031	-0.8
47033	0
47035	-18.1
47037	17
47039	4.8
47041	21.1
47043	8
47045	-7.8
47047	-12.3
47049	-15.3
47051	8.1
47053	1.7
47055	10.9
47057	-22.9
47059	-22.7
47061	30.3
47063	-22.1
47065	-12.8
47067	-31.9
47069	13.4
47071	-14.4
47073	-19.9
47075	20.1
47077	-24.2
47079	0.7
47081	17.8
47083	34.2
47085	26.7
47087	39.9
47089	-24.9
47091	-34.6
47093	-17.7
47095	28.2
47097	11.2
47099	-7.2
47101	5
47103	-4
47105	-27.1
47107	-24.7
47109	-10.5
47111	-5.3
47113	-6.6
47115	7.2
47117	10.2
47119	-3.9
47121	-7.6
47123	-17.3
47125	-2.6
47127	-2.2
47129	-4.1
47131	-1.4
47133	21.2
47135	16.5
47137	-15.8
47139	-6.5
47141	-2.5
47143	-22.8
47145	-8.8
47147	2.3
47149	-10.3
47151	-9.7
47153	-13.9
47155	-34.1
47157	13.9
47159	33.6
47161	21.3
47163	-22.3
47165	-11.4
47167	-23.2
47169	34
47171	-19.4
47173	-11.5
47175	18.7
47177	13.4
47179	-21.1
47181	-29
47183	-5.1
47185	7.4
47187	-35
47189	-6.9
48001	-32.3
48003	-55.5
48005	-25.3
48007	-33.9
48009	-49.5
48011	-66.8
48013	-18.3
48015	-46.6
48017	-53.2
48019	-58.1
48021	-18.7
48023	-31.9
48025	-8.1
48027	-32.4
48029	-7.8
48031	-52.7
48033	-63.1
48035	-42.1
48037	-22.4
48039	-36.2
48041	-44.2
48043	-15
48045	-42
48047	52.9
48049	-50.6
48051	-22.8
48053	-43.8
48055	-14.7
48057	-15.1
48059	-51.2
48061	8.2
48063	-13.7
48065	-63.8
48067	-15.7
48069	-37.9
48071	-40
48073	-33.8
48075	-43
48077	-36.1
48079	-40
48081	-52.1
48083	-51.8
48085	-49.2
48087	-39
48089	-37.6
48091	-53.8
48093	-34.3
48095	-50.4
48097	-52.3
48099	-39.1
48101	-35
48103	-52.4
48105	-33.2
48107	-28.7
48109	15.7
48111	-60.3
48113	-8.2
48115	-39.3
48117	-49.6
48119	-22.5
48121	-42.8
48123	-48.5
48125	-35.2
48127	43.4
48129	-57.1
48131	58.7
48133	-43.4
48135	-41.5
48137	-43.4
48139	-41.9
48141	17.6
48143	-48.4
48145	-14.9
48147	-19.5
48149	-44.3
48151	-5
48153	-52.1
48155	-4.6
48157	-21.6
48159	-40.9
48161	-29.6
48163	12.6
48165	-57.4
48167	-11.7
48169	-48.5
48171	-66.9
48173	-86.2
48175	-26.2
48177	-37
48179	-65.9
48181	-30.4
48183	-40.8
48185	-26.2
48187	-43.6
48189	-52.2
48191	-34.7
48193	-47
48195	-80.8
48197	-26.8
48199	-36.2
48201	-11.9
48203	-22
48205	-63.8
48207	-3.4
48209	-26.1
48211	-65.1
48213	-31.3
48215	22.4
48217	-33.4
48219	-57.3
48221	-44.6
48223	-31.6
48225	-30.5
48227	-41.6
48229	-15
48231	-34.5
48233	-60.9
48235	-58.8
48237	-43.7
48239	-40
48241	-22.1
48243	-40.6
48245	5.3
48247	40.7
48249	23.8
48251	-37.8
48253	-36.6
48255	-24.2
48257	-34.5
48259	-62.7
48263	-30.6
48265	-55.8
48267	-59.6
48269	-77.9
48271	-31.3
48273	-1
48275	-21.5
48277	-27.9
48279	-51.4
48281	-48.1
48283	26.1
48285	-41.8
48287	-36
48289	-39.6
48291	-26.2
48293	-20.9
48295	-67.4
48297	-43.3
48299	-48.7
48301	-61.4
48303	-49.9
48305	-45.8
48307	-44.7
48309	-30.3
48311	-64.5
48313	-30.6
48315	-5.3
48317	-57.2
48319	-52.4
48321	-23.7
48323	30.4
48325	-35.9
48327	-31.6
48329	-60.8
48331	-15.9
48333	-51.9
48335	-34.4
48337	-37.2
48339	-54.5
48341	-60.2
48343	1
48345	-62.2
48347	-35.6
48349	-22.1
48351	1.1
48353	-28
48355	-5.2
48357	-82.7
48359	-71.6
48361	-18.8
48363	-27.1
48365	-33.1
48367	-45
48369	-67.1
48371	-27.4
48373	-26.1
48375	-41.5
48377	24.9
48379	-25.2
48381	-64.4
48383	-54.4
48385	-56.2
48387	-14.3
48389	18.3
48391	-19.3
48393	-73.4
48395	3.8
48397	-57.3
48399	-51.2
48401	-41.2
48403	-22.5
48405	-13.1
48407	-22.2
48409	-15.3
48411	-46.5
48413	-42.1
48415	-54.3
48417	-60
48419	-27.9
48421	-73.9
48423	-44.8
48425	-47.4
48427	53.8
48429	-49.6
48431	-59.4
48433	-25.8
48435	-39.1
48437	-30.8
48439	-24.4
48441	-49.8
48443	-5.5
48445	-45
48447	-45.6
48449	-25
48451	-45.1
48453	-5.7
48455	-18.5
48457	-21
48459	-33.9
48461	-56.7
48463	-17.4
48465	-10.6
48467	-40.4
48469	-39.2
48471	-29.2
48473	-6.4
48475	-33.5
48477	-48.3
48479	15.5
48481	-27.5
48483	-51.1
48485	-32.6
48487	-39.5
48489	27.8
48491	-40.6
48493	-30.5
48495	-45.2
48497	-39.6
48499	-43.2
48501	-56.5
48503	-46.2
48505	25.7
48507	54.5
49001	-49.9
49003	-63.4
49005	-63.1
49007	-6.7
49009	-49.5
49011	-52.3
49013	-63.1
49015	-52.4
49017	-78.8
49019	-18.9
49021	-66.5
49023	-50.9
49025	-67.1
49027	-66.5
49029	-60.8
49031	-63.7
49033	-65.2
49035	-21.3
49037	-19.2
49039	-62
49041	-67.1
49043	-13.4
49045	-31
49047	-64.2
49049	-68.5
49051	-41.8
49053	-62.2
49055	-61.8
49057	-31.4
50001	10.9
50003	9.3
50005	-7
50007	17.7
50009	-15.6
50011	5.4
50013	7.3
50015	10.4
50017	-1.6
50019	-3.2
50021	1
50023	12.4
50025	18
50027	11.2
51001	-11.1
51003	-6
51005	-12.1
51007	-25.4
51009	-16.3
51011	-26.2
51013	25.4
51015	-44.4
51017	-22.6
51019	-35.2
51021	-34.2
51023	-31.2
51025	13.3
51027	18.6
51029	-3.7
51031	-32.5
51033	4.8
51035	-32.3
51036	30.7
51037	-17.3
51041	-28.7
51043	-14.1
51045	-29.8
51047	-25.7
51049	-16.7
51051	11
51053	-11
51057	-6.9
51059	-1.9
51061	-26.8
51063	-26
51065	-18.1
51067	-22.2
51069	-33.6
51071	-8.9
51073	-30.9
51075	-25.4
51077	-26.3
51079	-30.1
51081	18.6
51083	-13
51085	-40.3
51087	-12.9
51089	-14.3
51091	-34.6
51093	-19.2
51095	-23.1
51097	-1.8
51099	-26.4
51101	-25.2
51103	-27.5
51105	-6.4
51109	-11.9
51111	-11.1
51113	-22.3
51115	-32
51117	-15.9
51119	-25.6
51121	-8.8
51125	-0.6
51127	-31.2
51131	0.3
51133	-22.7
51135	-8
51137	-18.2
51139	-30
51141	-36.4
51143	-33.2
51145	-42.8
51147	-5.1
51149	-22.5
51153	-8.5
51155	-14.9
51157	-11.6
51159	-24.5
51161	-22.9
51163	-20.6
51165	-49.1
51167	3
51169	-21.7
51171	-36.6
51173	-15.3
51175	0.5
51177	-21.3
51179	-24.2
51181	15.9
51183	6.2
51185	-9.3
51187	-18.6
51191	-22.9
51193	-0.7
51195	-1.2
51197	-30.6
51199	-27.7
51510	25.9
51515	-8.3
51520	-14.1
51530	-2.5
51540	27.7
51550	-8.7
51560	16.2
51570	-44.4
51580	8.7
51590	-7.1
51595	8.1
51600	-4.7
51610	17
51620	11
51630	5.9
51640	-7.9
51650	16.1
51660	-23.2
51670	-10.9
51678	3.8
51680	-9.7
51683	-12.5
51685	-16.5
51690	8
51700	4.3
51710	25.8
51720	14.4
51730	59.5
51735	-48.7
51740	26.8
51750	-3.3
51760	33.6
51770	9.4
51775	-17.6
51780	-0.5
51790	-18.8
51800	2.1
51810	-14.8
51820	-19.5
51830	-1.9
51840	-13.1
53001	-41.4
53003	-27.7
53005	-32.1
53007	-32.8
53009	-8.2
53011	-4.5
53013	-48.4
53015	3.2
53017	-37
53019	-32.2
53021	-29.4
53023	-51.8
53025	-37.3
53027	7.5
53029	-5.4
53031	13.3
53033	25.1
53035	3.2
53037	-16.2
53039	-18.9
53041	-29.4
53043	-41.4
53045	2.3
53047	-34.6
53049	8.4
53051	-20.8
53053	6.9
53055	16.4
53057	-4.3
53059	-9.8
53061	7.4
53063	-9.1
53065	-32.4
53067	10.3
53069	-12.2
53071	-29.2
53073	-0.9
53075	-15.8
53077	-21.2
54001	-15.5
54003	-21.5
54005	24.7
54007	3
54009	4.6
54011	-5.3
54013	-12.5
54015	-8.1
54017	-42.4
54019	16.5
54021	-17.5
54023	-59.6
54025	-10.2
54027	-30.2
54029	-2
54031	-27
54033	-0.3
54035	-12.7
54037	-1.8
54039	1.7
54041	-20.9
54043	6.9
54045	24.4
54047	33.6
54049	9.7
54051	-6.8
54053	-9.5
54055	-10.4
54057	-29.5
54059	21.2
54061	-4.1
54063	-17
54065	-29.9
54067	-4
54069	-11.4
54071	-26.1
54073	-19.7
54075	-17.2
54077	-30.1
54079	-21.5
54081	-6.9
54083	-13.3
54085	-44.9
54087	-15.4
54089	-0.6
54091	-11.9
54093	-18.9
54095	-35.3
54097	-30
54099	-0.8
54101	7.9
54103	-6.7
54105	-29.9
54107	-23.4
54109	9.8
55001	9.4
55003	16.2
55005	-5.1
55007	13.6
55009	-5.2
55011	2.5
55013	-4.7
55015	-13.7
55017	-3.3
55019	-11.3
55021	2.1
55023	12.8
55025	28
55027	-19.3
55029	-8.7
55031	30.2
55033	0.8
55035	6.1
55037	-30.1
55039	-18.5
55041	-5.7
55043	1.6
55045	6.6
55047	-24.2
55049	14.9
55051	-3.7
55053	7.9
55055	-11.6
55057	-1.5
55059	5.1
55061	-2.6
55063	6.9
55065	4.7
55067	-10
55069	-0.9
55071	-4.9
55073	-4.5
55075	-9.8
55077	-1.7
55078	58.3
55079	20
55081	-5.1
55083	-9.3
55085	-6.8
55087	-9.4
55089	-34.2
55091	5.6
55093	1.7
55095	-3.6
55097	13.5
55099	-9.7
55101	-3.2
55103	-2.4
55105	18
55107	-8.6
55109	-7.7
55111	5.1
55113	-8.7
55115	-13
55117	-11.5
55119	-23
55121	13.3
55123	6.3
55125	-18.8
55127	-19
55129	-3.2
55131	-38
55133	-34.2
55135	-18.9
55137	-13.5
55139	-6.2
55141	-5.7
56001	-19.9
56003	-55.7
56005	-66.2
56007	-33.4
56009	-55.4
56011	-70.9
56013	-41.9
56015	-45.5
56017	-51.1
56019	-66.2
56021	-27.8
56023	-62.3
56025	-35
56027	-62.4
56029	-58.6
56031	-38.8
56033	-42.1
56035	-67.9
56037	-25.4
56039	-14.3
56041	-52
56043	-58.1
56045	-68.2
